mono_seconds	since_ffmpeg_start_s	relative_to_ffmpeg_exit_s	source	event	details
8380.946804637	-0.157765089	-56.293945256	harness	JOURNAL_START	logger-start realtime=2026-09-29T09:46:54,835434759-07:00 monotonic=8380.946804637
8381.104569726	+0.000000000	-56.136180167	harness	FFMPEG_START	ffmpeg-start realtime=2026-09-29T09:46:54,999597459-07:00 monotonic=8381.104569726
8382.852506688	+1.747936962	-54.388243205	mesa	HOOK_ACTIVE	NOUVEAU_DIAG_VA_SURFACE mono_ns=8382852506688 hook=active point=nvc0_init_surface_functions pipe=0x60df67c33c00 clear_callback=0x7d1ec44f2760
8383.351290783	+2.246721057	-53.889459110	mesa	SURFACE_ALLOCATE	NOUVEAU_DIAG_VA_SURFACE mono_ns=8383351290783 phase=allocate-entry surface=0x7d1ea8048ef0 width=1920 height=1088 format=PIPE_FORMAT_Y8_U8V8_420_UNORM(134) interlaced=1 bind=0x0 modifiers=0 clear_callback=0x7d1ec44f2760
8383.351447878	+2.246878152	-53.889302015	mesa	SKIP_CLEAR_CAPABILITY	NOUVEAU_DIAG_VA_SURFACE mono_ns=8383351447878 phase=skip-clear capability=12 value=0
8383.351470042	+2.246900316	-53.889279851	mesa	CLEAR_BEFORE	NOUVEAU_DIAG_VA_SURFACE mono_ns=8383351470042 phase=clear-before plane=0 surface=0x7d1ea8046840 source_surface=0x7d1ea8049160 owned=1 callback=0x7d1ec44f2760 rect=0,0 1920x544
8383.351475500	+2.246905774	-53.889274393	mesa	RT_CLEAR	NOUVEAU_DIAG_RT_CLEAR mono_ns=8383351475500 ctx=0x60df67c33c00 format=81 rt_format=f3 rt=1920x544 clear=0,0 1920x544 layers=0..0
8383.351481763	+2.246912037	-53.889268130	mesa	CLEAR_AFTER	NOUVEAU_DIAG_VA_SURFACE mono_ns=8383351481763 phase=clear-after plane=0 surface=0x7d1ea8046840 callback=0x7d1ec44f2760 returned=void
8383.351487881	+2.246918155	-53.889262012	mesa	CLEAR_BEFORE	NOUVEAU_DIAG_VA_SURFACE mono_ns=8383351487881 phase=clear-before plane=1 surface=0x7d1ea8046840 source_surface=0x7d1ea8049180 owned=1 callback=0x7d1ec44f2760 rect=0,0 1920x544
8383.351490705	+2.246920979	-53.889259188	mesa	RT_CLEAR	NOUVEAU_DIAG_RT_CLEAR mono_ns=8383351490705 ctx=0x60df67c33c00 format=81 rt_format=f3 rt=1920x544 clear=0,0 1920x544 layers=1..1
8383.351493564	+2.246923838	-53.889256329	mesa	CLEAR_AFTER	NOUVEAU_DIAG_VA_SURFACE mono_ns=8383351493564 phase=clear-after plane=1 surface=0x7d1ea8046840 callback=0x7d1ec44f2760 returned=void
8383.351499092	+2.246929366	-53.889250801	mesa	CLEAR_BEFORE	NOUVEAU_DIAG_VA_SURFACE mono_ns=8383351499092 phase=clear-before plane=2 surface=0x7d1ea8046840 source_surface=0x7d1ea80491a0 owned=1 callback=0x7d1ec44f2760 rect=0,0 960x272
8383.351501847	+2.246932121	-53.889248046	mesa	RT_CLEAR	NOUVEAU_DIAG_RT_CLEAR mono_ns=8383351501847 ctx=0x60df67c33c00 format=82 rt_format=ea rt=960x272 clear=0,0 960x272 layers=0..0
8383.351503921	+2.246934195	-53.889245972	mesa	CLEAR_AFTER	NOUVEAU_DIAG_VA_SURFACE mono_ns=8383351503921 phase=clear-after plane=2 surface=0x7d1ea8046840 callback=0x7d1ec44f2760 returned=void
8383.351509339	+2.246939613	-53.889240554	mesa	CLEAR_BEFORE	NOUVEAU_DIAG_VA_SURFACE mono_ns=8383351509339 phase=clear-before plane=3 surface=0x7d1ea8046840 source_surface=0x7d1ea80491c0 owned=1 callback=0x7d1ec44f2760 rect=0,0 960x272
8383.351512078	+2.246942352	-53.889237815	mesa	RT_CLEAR	NOUVEAU_DIAG_RT_CLEAR mono_ns=8383351512078 ctx=0x60df67c33c00 format=82 rt_format=ea rt=960x272 clear=0,0 960x272 layers=1..1
8383.351514153	+2.246944427	-53.889235740	mesa	CLEAR_AFTER	NOUVEAU_DIAG_VA_SURFACE mono_ns=8383351514153 phase=clear-after plane=3 surface=0x7d1ea8046840 callback=0x7d1ec44f2760 returned=void
8383.370922488	+2.266352762	-53.869827405	mesa	SURFACE_ALLOCATE	NOUVEAU_DIAG_VA_SURFACE mono_ns=8383370922488 phase=allocate-entry surface=0x7d1e9c044d20 width=1920 height=1088 format=PIPE_FORMAT_Y8_U8V8_420_UNORM(134) interlaced=1 bind=0x0 modifiers=0 clear_callback=0x7d1ec44f2760
8383.371589910	+2.267020184	-53.869159983	mesa	SKIP_CLEAR_CAPABILITY	NOUVEAU_DIAG_VA_SURFACE mono_ns=8383371589910 phase=skip-clear capability=12 value=0
8383.371599057	+2.267029331	-53.869150836	mesa	CLEAR_BEFORE	NOUVEAU_DIAG_VA_SURFACE mono_ns=8383371599057 phase=clear-before plane=0 surface=0x7d1e9c1674f0 source_surface=0x7d1e9c166e20 owned=1 callback=0x7d1ec44f2760 rect=0,0 1920x544
8383.371606824	+2.267037098	-53.869143069	mesa	RT_CLEAR	NOUVEAU_DIAG_RT_CLEAR mono_ns=8383371606824 ctx=0x60df67c33c00 format=81 rt_format=f3 rt=1920x544 clear=0,0 1920x544 layers=0..0
8383.371613922	+2.267044196	-53.869135971	mesa	CLEAR_AFTER	NOUVEAU_DIAG_VA_SURFACE mono_ns=8383371613922 phase=clear-after plane=0 surface=0x7d1e9c1674f0 callback=0x7d1ec44f2760 returned=void
8383.371620280	+2.267050554	-53.869129613	mesa	CLEAR_BEFORE	NOUVEAU_DIAG_VA_SURFACE mono_ns=8383371620280 phase=clear-before plane=1 surface=0x7d1e9c1674f0 source_surface=0x7d1e9c166e40 owned=1 callback=0x7d1ec44f2760 rect=0,0 1920x544
8383.371623064	+2.267053338	-53.869126829	mesa	RT_CLEAR	NOUVEAU_DIAG_RT_CLEAR mono_ns=8383371623064 ctx=0x60df67c33c00 format=81 rt_format=f3 rt=1920x544 clear=0,0 1920x544 layers=1..1
8383.371625958	+2.267056232	-53.869123935	mesa	CLEAR_AFTER	NOUVEAU_DIAG_VA_SURFACE mono_ns=8383371625958 phase=clear-after plane=1 surface=0x7d1e9c1674f0 callback=0x7d1ec44f2760 returned=void
8383.371631622	+2.267061896	-53.869118271	mesa	CLEAR_BEFORE	NOUVEAU_DIAG_VA_SURFACE mono_ns=8383371631622 phase=clear-before plane=2 surface=0x7d1e9c1674f0 source_surface=0x7d1e9c166e60 owned=1 callback=0x7d1ec44f2760 rect=0,0 960x272
8383.371634411	+2.267064685	-53.869115482	mesa	RT_CLEAR	NOUVEAU_DIAG_RT_CLEAR mono_ns=8383371634411 ctx=0x60df67c33c00 format=82 rt_format=ea rt=960x272 clear=0,0 960x272 layers=0..0
8383.371636700	+2.267066974	-53.869113193	mesa	CLEAR_AFTER	NOUVEAU_DIAG_VA_SURFACE mono_ns=8383371636700 phase=clear-after plane=2 surface=0x7d1e9c1674f0 callback=0x7d1ec44f2760 returned=void
8383.371642143	+2.267072417	-53.869107750	mesa	CLEAR_BEFORE	NOUVEAU_DIAG_VA_SURFACE mono_ns=8383371642143 phase=clear-before plane=3 surface=0x7d1e9c1674f0 source_surface=0x7d1e9c166e80 owned=1 callback=0x7d1ec44f2760 rect=0,0 960x272
8383.371644907	+2.267075181	-53.869104986	mesa	RT_CLEAR	NOUVEAU_DIAG_RT_CLEAR mono_ns=8383371644907 ctx=0x60df67c33c00 format=82 rt_format=ea rt=960x272 clear=0,0 960x272 layers=1..1
8383.371646992	+2.267077266	-53.869102901	mesa	CLEAR_AFTER	NOUVEAU_DIAG_VA_SURFACE mono_ns=8383371646992 phase=clear-after plane=3 surface=0x7d1e9c1674f0 callback=0x7d1ec44f2760 returned=void
8383.373555111	+2.268985385	-53.867194782	mesa	SURFACE_ALLOCATE	NOUVEAU_DIAG_VA_SURFACE mono_ns=8383373555111 phase=allocate-entry surface=0x7d1ea0044d20 width=1920 height=1088 format=PIPE_FORMAT_Y8_U8V8_420_UNORM(134) interlaced=1 bind=0x0 modifiers=0 clear_callback=0x7d1ec44f2760
8383.373808022	+2.269238296	-53.866941871	mesa	SKIP_CLEAR_CAPABILITY	NOUVEAU_DIAG_VA_SURFACE mono_ns=8383373808022 phase=skip-clear capability=12 value=0
8383.373817829	+2.269248103	-53.866932064	mesa	CLEAR_BEFORE	NOUVEAU_DIAG_VA_SURFACE mono_ns=8383373817829 phase=clear-before plane=0 surface=0x7d1ea01674f0 source_surface=0x7d1ea0166e20 owned=1 callback=0x7d1ec44f2760 rect=0,0 1920x544
8383.373823652	+2.269253926	-53.866926241	mesa	RT_CLEAR	NOUVEAU_DIAG_RT_CLEAR mono_ns=8383373823652 ctx=0x60df67c33c00 format=81 rt_format=f3 rt=1920x544 clear=0,0 1920x544 layers=0..0
8383.373831389	+2.269261663	-53.866918504	mesa	CLEAR_AFTER	NOUVEAU_DIAG_VA_SURFACE mono_ns=8383373831389 phase=clear-after plane=0 surface=0x7d1ea01674f0 callback=0x7d1ec44f2760 returned=void
8383.373837432	+2.269267706	-53.866912461	mesa	CLEAR_BEFORE	NOUVEAU_DIAG_VA_SURFACE mono_ns=8383373837432 phase=clear-before plane=1 surface=0x7d1ea01674f0 source_surface=0x7d1ea0166e40 owned=1 callback=0x7d1ec44f2760 rect=0,0 1920x544
8383.373840262	+2.269270536	-53.866909631	mesa	RT_CLEAR	NOUVEAU_DIAG_RT_CLEAR mono_ns=8383373840262 ctx=0x60df67c33c00 format=81 rt_format=f3 rt=1920x544 clear=0,0 1920x544 layers=1..1
8383.373843186	+2.269273460	-53.866906707	mesa	CLEAR_AFTER	NOUVEAU_DIAG_VA_SURFACE mono_ns=8383373843186 phase=clear-after plane=1 surface=0x7d1ea01674f0 callback=0x7d1ec44f2760 returned=void
8383.373848939	+2.269279213	-53.866900954	mesa	CLEAR_BEFORE	NOUVEAU_DIAG_VA_SURFACE mono_ns=8383373848939 phase=clear-before plane=2 surface=0x7d1ea01674f0 source_surface=0x7d1ea0166e60 owned=1 callback=0x7d1ec44f2760 rect=0,0 960x272
8383.373851763	+2.269282037	-53.866898130	mesa	RT_CLEAR	NOUVEAU_DIAG_RT_CLEAR mono_ns=8383373851763 ctx=0x60df67c33c00 format=82 rt_format=ea rt=960x272 clear=0,0 960x272 layers=0..0
8383.373853972	+2.269284246	-53.866895921	mesa	CLEAR_AFTER	NOUVEAU_DIAG_VA_SURFACE mono_ns=8383373853972 phase=clear-after plane=2 surface=0x7d1ea01674f0 callback=0x7d1ec44f2760 returned=void
8383.373859436	+2.269289710	-53.866890457	mesa	CLEAR_BEFORE	NOUVEAU_DIAG_VA_SURFACE mono_ns=8383373859436 phase=clear-before plane=3 surface=0x7d1ea01674f0 source_surface=0x7d1ea0166e80 owned=1 callback=0x7d1ec44f2760 rect=0,0 960x272
8383.373862230	+2.269292504	-53.866887663	mesa	RT_CLEAR	NOUVEAU_DIAG_RT_CLEAR mono_ns=8383373862230 ctx=0x60df67c33c00 format=82 rt_format=ea rt=960x272 clear=0,0 960x272 layers=1..1
8383.373864324	+2.269294598	-53.866885569	mesa	CLEAR_AFTER	NOUVEAU_DIAG_VA_SURFACE mono_ns=8383373864324 phase=clear-after plane=3 surface=0x7d1ea01674f0 callback=0x7d1ec44f2760 returned=void
8383.380812913	+2.276243187	-53.859936980	mesa	SURFACE_ALLOCATE	NOUVEAU_DIAG_VA_SURFACE mono_ns=8383380812913 phase=allocate-entry surface=0x7d1ea823ced0 width=1920 height=1088 format=PIPE_FORMAT_Y8_U8V8_420_UNORM(134) interlaced=1 bind=0x0 modifiers=0 clear_callback=0x7d1ec44f2760
8383.381058076	+2.276488350	-53.859691817	mesa	SKIP_CLEAR_CAPABILITY	NOUVEAU_DIAG_VA_SURFACE mono_ns=8383381058076 phase=skip-clear capability=12 value=0
8383.381067588	+2.276497862	-53.859682305	mesa	CLEAR_BEFORE	NOUVEAU_DIAG_VA_SURFACE mono_ns=8383381067588 phase=clear-before plane=0 surface=0x7d1ea8049000 source_surface=0x7d1ea8243d60 owned=1 callback=0x7d1ec44f2760 rect=0,0 1920x544
8383.381072522	+2.276502796	-53.859677371	mesa	RT_CLEAR	NOUVEAU_DIAG_RT_CLEAR mono_ns=8383381072522 ctx=0x60df67c33c00 format=81 rt_format=f3 rt=1920x544 clear=0,0 1920x544 layers=0..0
8383.381079669	+2.276509943	-53.859670224	mesa	CLEAR_AFTER	NOUVEAU_DIAG_VA_SURFACE mono_ns=8383381079669 phase=clear-after plane=0 surface=0x7d1ea8049000 callback=0x7d1ec44f2760 returned=void
8383.381086202	+2.276516476	-53.859663691	mesa	CLEAR_BEFORE	NOUVEAU_DIAG_VA_SURFACE mono_ns=8383381086202 phase=clear-before plane=1 surface=0x7d1ea8049000 source_surface=0x7d1ea8243d80 owned=1 callback=0x7d1ec44f2760 rect=0,0 1920x544
8383.381089022	+2.276519296	-53.859660871	mesa	RT_CLEAR	NOUVEAU_DIAG_RT_CLEAR mono_ns=8383381089022 ctx=0x60df67c33c00 format=81 rt_format=f3 rt=1920x544 clear=0,0 1920x544 layers=1..1
8383.381091911	+2.276522185	-53.859657982	mesa	CLEAR_AFTER	NOUVEAU_DIAG_VA_SURFACE mono_ns=8383381091911 phase=clear-after plane=1 surface=0x7d1ea8049000 callback=0x7d1ec44f2760 returned=void
8383.381097554	+2.276527828	-53.859652339	mesa	CLEAR_BEFORE	NOUVEAU_DIAG_VA_SURFACE mono_ns=8383381097554 phase=clear-before plane=2 surface=0x7d1ea8049000 source_surface=0x7d1ea8243da0 owned=1 callback=0x7d1ec44f2760 rect=0,0 960x272
8383.381100323	+2.276530597	-53.859649570	mesa	RT_CLEAR	NOUVEAU_DIAG_RT_CLEAR mono_ns=8383381100323 ctx=0x60df67c33c00 format=82 rt_format=ea rt=960x272 clear=0,0 960x272 layers=0..0
8383.381102652	+2.276532926	-53.859647241	mesa	CLEAR_AFTER	NOUVEAU_DIAG_VA_SURFACE mono_ns=8383381102652 phase=clear-after plane=2 surface=0x7d1ea8049000 callback=0x7d1ec44f2760 returned=void
8383.381108136	+2.276538410	-53.859641757	mesa	CLEAR_BEFORE	NOUVEAU_DIAG_VA_SURFACE mono_ns=8383381108136 phase=clear-before plane=3 surface=0x7d1ea8049000 source_surface=0x7d1ea8243dc0 owned=1 callback=0x7d1ec44f2760 rect=0,0 960x272
8383.381110940	+2.276541214	-53.859638953	mesa	RT_CLEAR	NOUVEAU_DIAG_RT_CLEAR mono_ns=8383381110940 ctx=0x60df67c33c00 format=82 rt_format=ea rt=960x272 clear=0,0 960x272 layers=1..1
8383.381113059	+2.276543333	-53.859636834	mesa	CLEAR_AFTER	NOUVEAU_DIAG_VA_SURFACE mono_ns=8383381113059 phase=clear-after plane=3 surface=0x7d1ea8049000 callback=0x7d1ec44f2760 returned=void
8383.390768937	+2.286199211	-53.849980956	mesa	SURFACE_ALLOCATE	NOUVEAU_DIAG_VA_SURFACE mono_ns=8383390768937 phase=allocate-entry surface=0x7d1e9c1614d0 width=1920 height=1088 format=PIPE_FORMAT_Y8_U8V8_420_UNORM(134) interlaced=1 bind=0x0 modifiers=0 clear_callback=0x7d1ec44f2760
8383.391290794	+2.286721068	-53.849459099	mesa	SKIP_CLEAR_CAPABILITY	NOUVEAU_DIAG_VA_SURFACE mono_ns=8383391290794 phase=skip-clear capability=12 value=0
8383.391299791	+2.286730065	-53.849450102	mesa	CLEAR_BEFORE	NOUVEAU_DIAG_VA_SURFACE mono_ns=8383391299791 phase=clear-before plane=0 surface=0x7d1e9c1674f0 source_surface=0x7d1e9c166ac0 owned=1 callback=0x7d1ec44f2760 rect=0,0 1920x544
8383.391304809	+2.286735083	-53.849445084	mesa	RT_CLEAR	NOUVEAU_DIAG_RT_CLEAR mono_ns=8383391304809 ctx=0x60df67c33c00 format=81 rt_format=f3 rt=1920x544 clear=0,0 1920x544 layers=0..0
8383.391309913	+2.286740187	-53.849439980	mesa	CLEAR_AFTER	NOUVEAU_DIAG_VA_SURFACE mono_ns=8383391309913 phase=clear-after plane=0 surface=0x7d1e9c1674f0 callback=0x7d1ec44f2760 returned=void
8383.391315756	+2.286746030	-53.849434137	mesa	CLEAR_BEFORE	NOUVEAU_DIAG_VA_SURFACE mono_ns=8383391315756 phase=clear-before plane=1 surface=0x7d1e9c1674f0 source_surface=0x7d1e9c166ae0 owned=1 callback=0x7d1ec44f2760 rect=0,0 1920x544
8383.391318545	+2.286748819	-53.849431348	mesa	RT_CLEAR	NOUVEAU_DIAG_RT_CLEAR mono_ns=8383391318545 ctx=0x60df67c33c00 format=81 rt_format=f3 rt=1920x544 clear=0,0 1920x544 layers=1..1
8383.391321494	+2.286751768	-53.849428399	mesa	CLEAR_AFTER	NOUVEAU_DIAG_VA_SURFACE mono_ns=8383391321494 phase=clear-after plane=1 surface=0x7d1e9c1674f0 callback=0x7d1ec44f2760 returned=void
8383.391327043	+2.286757317	-53.849422850	mesa	CLEAR_BEFORE	NOUVEAU_DIAG_VA_SURFACE mono_ns=8383391327043 phase=clear-before plane=2 surface=0x7d1e9c1674f0 source_surface=0x7d1e9c166b00 owned=1 callback=0x7d1ec44f2760 rect=0,0 960x272
8383.391329802	+2.286760076	-53.849420091	mesa	RT_CLEAR	NOUVEAU_DIAG_RT_CLEAR mono_ns=8383391329802 ctx=0x60df67c33c00 format=82 rt_format=ea rt=960x272 clear=0,0 960x272 layers=0..0
8383.391332101	+2.286762375	-53.849417792	mesa	CLEAR_AFTER	NOUVEAU_DIAG_VA_SURFACE mono_ns=8383391332101 phase=clear-after plane=2 surface=0x7d1e9c1674f0 callback=0x7d1ec44f2760 returned=void
8383.391337564	+2.286767838	-53.849412329	mesa	CLEAR_BEFORE	NOUVEAU_DIAG_VA_SURFACE mono_ns=8383391337564 phase=clear-before plane=3 surface=0x7d1e9c1674f0 source_surface=0x7d1e9c166b20 owned=1 callback=0x7d1ec44f2760 rect=0,0 960x272
8383.391340338	+2.286770612	-53.849409555	mesa	RT_CLEAR	NOUVEAU_DIAG_RT_CLEAR mono_ns=8383391340338 ctx=0x60df67c33c00 format=82 rt_format=ea rt=960x272 clear=0,0 960x272 layers=1..1
8383.391342438	+2.286772712	-53.849407455	mesa	CLEAR_AFTER	NOUVEAU_DIAG_VA_SURFACE mono_ns=8383391342438 phase=clear-after plane=3 surface=0x7d1e9c1674f0 callback=0x7d1ec44f2760 returned=void
8383.406252179	+2.301682453	-53.834497714	mesa	SURFACE_ALLOCATE	NOUVEAU_DIAG_VA_SURFACE mono_ns=8383406252179 phase=allocate-entry surface=0x7d1ea0161a90 width=1920 height=1088 format=PIPE_FORMAT_Y8_U8V8_420_UNORM(134) interlaced=1 bind=0x0 modifiers=0 clear_callback=0x7d1ec44f2760
8383.406792455	+2.302222729	-53.833957438	mesa	SKIP_CLEAR_CAPABILITY	NOUVEAU_DIAG_VA_SURFACE mono_ns=8383406792455 phase=skip-clear capability=12 value=0
8383.406804261	+2.302234535	-53.833945632	mesa	CLEAR_BEFORE	NOUVEAU_DIAG_VA_SURFACE mono_ns=8383406804261 phase=clear-before plane=0 surface=0x7d1ea01674f0 source_surface=0x7d1ea0162b50 owned=1 callback=0x7d1ec44f2760 rect=0,0 1920x544
8383.406811534	+2.302241808	-53.833938359	mesa	RT_CLEAR	NOUVEAU_DIAG_RT_CLEAR mono_ns=8383406811534 ctx=0x60df67c33c00 format=81 rt_format=f3 rt=1920x544 clear=0,0 1920x544 layers=0..0
8383.406821731	+2.302252005	-53.833928162	mesa	CLEAR_AFTER	NOUVEAU_DIAG_VA_SURFACE mono_ns=8383406821731 phase=clear-after plane=0 surface=0x7d1ea01674f0 callback=0x7d1ec44f2760 returned=void
8383.406937250	+2.302367524	-53.833812643	mesa	CLEAR_BEFORE	NOUVEAU_DIAG_VA_SURFACE mono_ns=8383406937250 phase=clear-before plane=1 surface=0x7d1ea01674f0 source_surface=0x7d1ea0162b70 owned=1 callback=0x7d1ec44f2760 rect=0,0 1920x544
8383.406942998	+2.302373272	-53.833806895	mesa	RT_CLEAR	NOUVEAU_DIAG_RT_CLEAR mono_ns=8383406942998 ctx=0x60df67c33c00 format=81 rt_format=f3 rt=1920x544 clear=0,0 1920x544 layers=1..1
8383.406946337	+2.302376611	-53.833803556	mesa	CLEAR_AFTER	NOUVEAU_DIAG_VA_SURFACE mono_ns=8383406946337 phase=clear-after plane=1 surface=0x7d1ea01674f0 callback=0x7d1ec44f2760 returned=void
8383.406955429	+2.302385703	-53.833794464	mesa	CLEAR_BEFORE	NOUVEAU_DIAG_VA_SURFACE mono_ns=8383406955429 phase=clear-before plane=2 surface=0x7d1ea01674f0 source_surface=0x7d1ea0162b90 owned=1 callback=0x7d1ec44f2760 rect=0,0 960x272
8383.406959953	+2.302390227	-53.833789940	mesa	RT_CLEAR	NOUVEAU_DIAG_RT_CLEAR mono_ns=8383406959953 ctx=0x60df67c33c00 format=82 rt_format=ea rt=960x272 clear=0,0 960x272 layers=0..0
8383.406963762	+2.302394036	-53.833786131	mesa	CLEAR_AFTER	NOUVEAU_DIAG_VA_SURFACE mono_ns=8383406963762 phase=clear-after plane=2 surface=0x7d1ea01674f0 callback=0x7d1ec44f2760 returned=void
8383.406973324	+2.302403598	-53.833776569	mesa	CLEAR_BEFORE	NOUVEAU_DIAG_VA_SURFACE mono_ns=8383406973324 phase=clear-before plane=3 surface=0x7d1ea01674f0 source_surface=0x7d1ea0162bb0 owned=1 callback=0x7d1ec44f2760 rect=0,0 960x272
8383.406978677	+2.302408951	-53.833771216	mesa	RT_CLEAR	NOUVEAU_DIAG_RT_CLEAR mono_ns=8383406978677 ctx=0x60df67c33c00 format=82 rt_format=ea rt=960x272 clear=0,0 960x272 layers=1..1
8383.406980961	+2.302411235	-53.833768932	mesa	CLEAR_AFTER	NOUVEAU_DIAG_VA_SURFACE mono_ns=8383406980961 phase=clear-after plane=3 surface=0x7d1ea01674f0 callback=0x7d1ec44f2760 returned=void
8383.437880566	+2.333310840	-53.802869327	mesa	SURFACE_ALLOCATE	NOUVEAU_DIAG_VA_SURFACE mono_ns=8383437880566 phase=allocate-entry surface=0x7d1e9c162bd0 width=1920 height=1088 format=PIPE_FORMAT_Y8_U8V8_420_UNORM(134) interlaced=1 bind=0x0 modifiers=0 clear_callback=0x7d1ec44f2760
8383.438586675	+2.334016949	-53.802163218	mesa	SKIP_CLEAR_CAPABILITY	NOUVEAU_DIAG_VA_SURFACE mono_ns=8383438586675 phase=skip-clear capability=12 value=0
8383.438610368	+2.334040642	-53.802139525	mesa	CLEAR_BEFORE	NOUVEAU_DIAG_VA_SURFACE mono_ns=8383438610368 phase=clear-before plane=0 surface=0x7d1e9c1674f0 source_surface=0x7d1e9c161b90 owned=1 callback=0x7d1ec44f2760 rect=0,0 1920x544
8383.438621284	+2.334051558	-53.802128609	mesa	RT_CLEAR	NOUVEAU_DIAG_RT_CLEAR mono_ns=8383438621284 ctx=0x60df67c33c00 format=81 rt_format=f3 rt=1920x544 clear=0,0 1920x544 layers=0..0
8383.438637929	+2.334068203	-53.802111964	mesa	CLEAR_AFTER	NOUVEAU_DIAG_VA_SURFACE mono_ns=8383438637929 phase=clear-after plane=0 surface=0x7d1e9c1674f0 callback=0x7d1ec44f2760 returned=void
8383.438655884	+2.334086158	-53.802094009	mesa	CLEAR_BEFORE	NOUVEAU_DIAG_VA_SURFACE mono_ns=8383438655884 phase=clear-before plane=1 surface=0x7d1e9c1674f0 source_surface=0x7d1e9c161bb0 owned=1 callback=0x7d1ec44f2760 rect=0,0 1920x544
8383.438663491	+2.334093765	-53.802086402	mesa	RT_CLEAR	NOUVEAU_DIAG_RT_CLEAR mono_ns=8383438663491 ctx=0x60df67c33c00 format=81 rt_format=f3 rt=1920x544 clear=0,0 1920x544 layers=1..1
8383.438673838	+2.334104112	-53.802076055	mesa	CLEAR_AFTER	NOUVEAU_DIAG_VA_SURFACE mono_ns=8383438673838 phase=clear-after plane=1 surface=0x7d1e9c1674f0 callback=0x7d1ec44f2760 returned=void
8383.438693152	+2.334123426	-53.802056741	mesa	CLEAR_BEFORE	NOUVEAU_DIAG_VA_SURFACE mono_ns=8383438693152 phase=clear-before plane=2 surface=0x7d1e9c1674f0 source_surface=0x7d1e9c161bd0 owned=1 callback=0x7d1ec44f2760 rect=0,0 960x272
8383.438703004	+2.334133278	-53.802046889	mesa	RT_CLEAR	NOUVEAU_DIAG_RT_CLEAR mono_ns=8383438703004 ctx=0x60df67c33c00 format=82 rt_format=ea rt=960x272 clear=0,0 960x272 layers=0..0
8383.438708792	+2.334139066	-53.802041101	mesa	CLEAR_AFTER	NOUVEAU_DIAG_VA_SURFACE mono_ns=8383438708792 phase=clear-after plane=2 surface=0x7d1e9c1674f0 callback=0x7d1ec44f2760 returned=void
8383.438727426	+2.334157700	-53.802022467	mesa	CLEAR_BEFORE	NOUVEAU_DIAG_VA_SURFACE mono_ns=8383438727426 phase=clear-before plane=3 surface=0x7d1e9c1674f0 source_surface=0x7d1e9c161bf0 owned=1 callback=0x7d1ec44f2760 rect=0,0 960x272
8383.438736708	+2.334166982	-53.802013185	mesa	RT_CLEAR	NOUVEAU_DIAG_RT_CLEAR mono_ns=8383438736708 ctx=0x60df67c33c00 format=82 rt_format=ea rt=960x272 clear=0,0 960x272 layers=1..1
8383.438742362	+2.334172636	-53.802007531	mesa	CLEAR_AFTER	NOUVEAU_DIAG_VA_SURFACE mono_ns=8383438742362 phase=clear-after plane=3 surface=0x7d1e9c1674f0 callback=0x7d1ec44f2760 returned=void
8383.494305590	+2.389735864	-53.746444303	mesa	SURFACE_ALLOCATE	NOUVEAU_DIAG_VA_SURFACE mono_ns=8383494305590 phase=allocate-entry surface=0x7d1ea0162450 width=1920 height=1088 format=PIPE_FORMAT_Y8_U8V8_420_UNORM(134) interlaced=1 bind=0x0 modifiers=0 clear_callback=0x7d1ec44f2760
8383.494907307	+2.390337581	-53.745842586	mesa	SKIP_CLEAR_CAPABILITY	NOUVEAU_DIAG_VA_SURFACE mono_ns=8383494907307 phase=skip-clear capability=12 value=0
8383.494931749	+2.390362023	-53.745818144	mesa	CLEAR_BEFORE	NOUVEAU_DIAG_VA_SURFACE mono_ns=8383494931749 phase=clear-before plane=0 surface=0x7d1ea4001780 source_surface=0x7d1ea0162890 owned=1 callback=0x7d1ec44f2760 rect=0,0 1920x544
8383.494942701	+2.390372975	-53.745807192	mesa	RT_CLEAR	NOUVEAU_DIAG_RT_CLEAR mono_ns=8383494942701 ctx=0x60df67c33c00 format=81 rt_format=f3 rt=1920x544 clear=0,0 1920x544 layers=0..0
8383.494952758	+2.390383032	-53.745797135	mesa	CLEAR_AFTER	NOUVEAU_DIAG_VA_SURFACE mono_ns=8383494952758 phase=clear-after plane=0 surface=0x7d1ea4001780 callback=0x7d1ec44f2760 returned=void
8383.495024525	+2.390454799	-53.745725368	mesa	CLEAR_BEFORE	NOUVEAU_DIAG_VA_SURFACE mono_ns=8383495024525 phase=clear-before plane=1 surface=0x7d1ea4001780 source_surface=0x7d1ea01628b0 owned=1 callback=0x7d1ec44f2760 rect=0,0 1920x544
8383.495035402	+2.390465676	-53.745714491	mesa	RT_CLEAR	NOUVEAU_DIAG_RT_CLEAR mono_ns=8383495035402 ctx=0x60df67c33c00 format=81 rt_format=f3 rt=1920x544 clear=0,0 1920x544 layers=1..1
8383.495043149	+2.390473423	-53.745706744	mesa	CLEAR_AFTER	NOUVEAU_DIAG_VA_SURFACE mono_ns=8383495043149 phase=clear-after plane=1 surface=0x7d1ea4001780 callback=0x7d1ec44f2760 returned=void
8383.495061993	+2.390492267	-53.745687900	mesa	CLEAR_BEFORE	NOUVEAU_DIAG_VA_SURFACE mono_ns=8383495061993 phase=clear-before plane=2 surface=0x7d1ea4001780 source_surface=0x7d1ea01628d0 owned=1 callback=0x7d1ec44f2760 rect=0,0 960x272
8383.495069321	+2.390499595	-53.745680572	mesa	RT_CLEAR	NOUVEAU_DIAG_RT_CLEAR mono_ns=8383495069321 ctx=0x60df67c33c00 format=82 rt_format=ea rt=960x272 clear=0,0 960x272 layers=0..0
8383.495074974	+2.390505248	-53.745674919	mesa	CLEAR_AFTER	NOUVEAU_DIAG_VA_SURFACE mono_ns=8383495074974 phase=clear-after plane=2 surface=0x7d1ea4001780 callback=0x7d1ec44f2760 returned=void
8383.495417917	+2.390848191	-53.745331976	mesa	CLEAR_BEFORE	NOUVEAU_DIAG_VA_SURFACE mono_ns=8383495417917 phase=clear-before plane=3 surface=0x7d1ea4001780 source_surface=0x7d1ea01628f0 owned=1 callback=0x7d1ec44f2760 rect=0,0 960x272
8383.495437066	+2.390867340	-53.745312827	mesa	RT_CLEAR	NOUVEAU_DIAG_RT_CLEAR mono_ns=8383495437066 ctx=0x60df67c33c00 format=82 rt_format=ea rt=960x272 clear=0,0 960x272 layers=1..1
8383.495443779	+2.390874053	-53.745306114	mesa	CLEAR_AFTER	NOUVEAU_DIAG_VA_SURFACE mono_ns=8383495443779 phase=clear-after plane=3 surface=0x7d1ea4001780 callback=0x7d1ec44f2760 returned=void
8422.051923778	+40.947354052	-15.188826115	mesa	SURFACE_ALLOCATE	NOUVEAU_DIAG_VA_SURFACE mono_ns=8422051923778 phase=allocate-entry surface=0x7d1ea400cce0 width=1920 height=1088 format=PIPE_FORMAT_Y8_U8V8_420_UNORM(134) interlaced=1 bind=0x0 modifiers=0 clear_callback=0x7d1ec44f2760
8422.052137051	+40.947567325	-15.188612842	mesa	SKIP_CLEAR_CAPABILITY	NOUVEAU_DIAG_VA_SURFACE mono_ns=8422052137051 phase=skip-clear capability=12 value=0
8422.052157080	+40.947587354	-15.188592813	mesa	CLEAR_BEFORE	NOUVEAU_DIAG_VA_SURFACE mono_ns=8422052157080 phase=clear-before plane=0 surface=0x7d1ea4005900 source_surface=0x7d1ea4022240 owned=1 callback=0x7d1ec44f2760 rect=0,0 1920x544
8422.052166152	+40.947596426	-15.188583741	mesa	RT_CLEAR	NOUVEAU_DIAG_RT_CLEAR mono_ns=8422052166152 ctx=0x60df67c33c00 format=81 rt_format=f3 rt=1920x544 clear=0,0 1920x544 layers=0..0
8422.052180058	+40.947610332	-15.188569835	mesa	CLEAR_AFTER	NOUVEAU_DIAG_VA_SURFACE mono_ns=8422052180058 phase=clear-after plane=0 surface=0x7d1ea4005900 callback=0x7d1ec44f2760 returned=void
8422.052194778	+40.947625052	-15.188555115	mesa	CLEAR_BEFORE	NOUVEAU_DIAG_VA_SURFACE mono_ns=8422052194778 phase=clear-before plane=1 surface=0x7d1ea4005900 source_surface=0x7d1ea4022260 owned=1 callback=0x7d1ec44f2760 rect=0,0 1920x544
8422.052201886	+40.947632160	-15.188548007	mesa	RT_CLEAR	NOUVEAU_DIAG_RT_CLEAR mono_ns=8422052201886 ctx=0x60df67c33c00 format=81 rt_format=f3 rt=1920x544 clear=0,0 1920x544 layers=1..1
8422.052209219	+40.947639493	-15.188540674	mesa	CLEAR_AFTER	NOUVEAU_DIAG_VA_SURFACE mono_ns=8422052209219 phase=clear-after plane=1 surface=0x7d1ea4005900 callback=0x7d1ec44f2760 returned=void
8422.052223079	+40.947653353	-15.188526814	mesa	CLEAR_BEFORE	NOUVEAU_DIAG_VA_SURFACE mono_ns=8422052223079 phase=clear-before plane=2 surface=0x7d1ea4005900 source_surface=0x7d1ea4022280 owned=1 callback=0x7d1ec44f2760 rect=0,0 960x272
8422.052230057	+40.947660331	-15.188519836	mesa	RT_CLEAR	NOUVEAU_DIAG_RT_CLEAR mono_ns=8422052230057 ctx=0x60df67c33c00 format=82 rt_format=ea rt=960x272 clear=0,0 960x272 layers=0..0
8422.052235496	+40.947665770	-15.188514397	mesa	CLEAR_AFTER	NOUVEAU_DIAG_VA_SURFACE mono_ns=8422052235496 phase=clear-after plane=2 surface=0x7d1ea4005900 callback=0x7d1ec44f2760 returned=void
8422.052249291	+40.947679565	-15.188500602	mesa	CLEAR_BEFORE	NOUVEAU_DIAG_VA_SURFACE mono_ns=8422052249291 phase=clear-before plane=3 surface=0x7d1ea4005900 source_surface=0x7d1ea40222a0 owned=1 callback=0x7d1ec44f2760 rect=0,0 960x272
8422.052256129	+40.947686403	-15.188493764	mesa	RT_CLEAR	NOUVEAU_DIAG_RT_CLEAR mono_ns=8422052256129 ctx=0x60df67c33c00 format=82 rt_format=ea rt=960x272 clear=0,0 960x272 layers=1..1
8422.052261452	+40.947691726	-15.188488441	mesa	CLEAR_AFTER	NOUVEAU_DIAG_VA_SURFACE mono_ns=8422052261452 phase=clear-after plane=3 surface=0x7d1ea4005900 callback=0x7d1ec44f2760 returned=void
8422.097625428	+40.993055702	-15.143124465	mesa	DECODER_DESTROY	NOUVEAU_DIAG_VA_SURFACE mono_ns=8422097625428 phase=decoder-destroy stage=entry decoder=0x7d1ea8243f80 profile=11 entrypoint=1 size=1920x1088 fence_seq=3007 channels=0x7d1ea8046d50,0x7d1ea8048490,0x7d1ea80467d0 pushbufs=0x7d1ea8244200,0x7d1ea82584b0,0x7d1ea826c760 shared=0
8422.097973749	+40.993404023	-15.142776144	mesa	ENGINE_OBJECT_DESTROY	NOUVEAU_DIAG_VA_SURFACE mono_ns=8422097973749 phase=object-destroy stage=begin engine=bsp object_ptr=0x7d1ea8048fd0 channel_ptr=0x7d1ea8046d50
8422.098022589	+40.993452863	-15.142727304	mesa	ENGINE_OBJECT_DESTROY	NOUVEAU_DIAG_VA_SURFACE mono_ns=8422098022589 phase=object-destroy stage=end engine=bsp object_ptr=0x7d1ea8048fd0 channel_ptr=0x7d1ea8046d50
8422.098029836	+40.993460110	-15.142720057	mesa	ENGINE_OBJECT_DESTROY	NOUVEAU_DIAG_VA_SURFACE mono_ns=8422098029836 phase=object-destroy stage=begin engine=vp object_ptr=0x7d1ea8120d50 channel_ptr=0x7d1ea8048490
8422.098039563	+40.993469837	-15.142710330	mesa	ENGINE_OBJECT_DESTROY	NOUVEAU_DIAG_VA_SURFACE mono_ns=8422098039563 phase=object-destroy stage=end engine=vp object_ptr=0x7d1ea8120d50 channel_ptr=0x7d1ea8048490
8422.098045866	+40.993476140	-15.142704027	mesa	ENGINE_OBJECT_DESTROY	NOUVEAU_DIAG_VA_SURFACE mono_ns=8422098045866 phase=object-destroy stage=begin engine=ppp object_ptr=0x7d1ea8120b50 channel_ptr=0x7d1ea80467d0
8422.099093399	+40.994523673	-15.141656494	mesa	ENGINE_OBJECT_DESTROY	NOUVEAU_DIAG_VA_SURFACE mono_ns=8422099093399 phase=object-destroy stage=end engine=ppp object_ptr=0x7d1ea8120b50 channel_ptr=0x7d1ea80467d0
8422.099112543	+40.994542817	-15.141637350	mesa	CHANNEL_DESTROY	NOUVEAU_DIAG_VA_SURFACE mono_ns=8422099112543 phase=channel-destroy stage=pushbuf-begin index=0 engine=bsp channel_ptr=0x7d1ea8046d50 pushbuf_ptr=0x7d1ea8244200
8422.099311931	+40.994742205	-15.141437962	mesa	CHANNEL_DESTROY	NOUVEAU_DIAG_VA_SURFACE mono_ns=8422099311931 phase=channel-destroy stage=pushbuf-end index=0 engine=bsp channel_ptr=0x7d1ea8046d50 pushbuf_ptr=0x7d1ea8244200
8422.099327091	+40.994757365	-15.141422802	mesa	CHANNEL_DESTROY	NOUVEAU_DIAG_VA_SURFACE mono_ns=8422099327091 phase=channel-destroy stage=object-begin index=0 engine=bsp channel_ptr=0x7d1ea8046d50
8422.106245529	+41.001675803	-15.134504364	mesa	CHANNEL_DESTROY	NOUVEAU_DIAG_VA_SURFACE mono_ns=8422106245529 phase=channel-destroy stage=object-end index=0 engine=bsp channel_ptr=0x7d1ea8046d50
8422.106266383	+41.001696657	-15.134483510	mesa	CHANNEL_DESTROY	NOUVEAU_DIAG_VA_SURFACE mono_ns=8422106266383 phase=channel-destroy stage=pushbuf-begin index=1 engine=vp channel_ptr=0x7d1ea8048490 pushbuf_ptr=0x7d1ea82584b0
8422.106607076	+41.002037350	-15.134142817	mesa	CHANNEL_DESTROY	NOUVEAU_DIAG_VA_SURFACE mono_ns=8422106607076 phase=channel-destroy stage=pushbuf-end index=1 engine=vp channel_ptr=0x7d1ea8048490 pushbuf_ptr=0x7d1ea82584b0
8422.106624806	+41.002055080	-15.134125087	mesa	CHANNEL_DESTROY	NOUVEAU_DIAG_VA_SURFACE mono_ns=8422106624806 phase=channel-destroy stage=object-begin index=1 engine=vp channel_ptr=0x7d1ea8048490
8426.401149000	+45.296579274	-10.839600893	kernel	SCHED_ERROR_CTXSW_TIMEOUT	[ 8426.401149] Inspiron1564Linux kernel: nouveau 0000:01:00.0: fifo: SCHED_ERROR 0a [CTXSW_TIMEOUT]
8426.458191000	+45.353621274	-10.782558893	kernel	RUNLIST_RECOVERY_SCHEDULED	[ 8426.458191] Inspiron1564Linux kernel: nouveau 0000:01:00.0: fifo:000002:0005:[av:h264:df0[23650]] rc scheduled
8426.458643000	+45.354073274	-10.782106893	kernel	RUNLIST_RECOVERY_SCHEDULED	[ 8426.458643] Inspiron1564Linux kernel: nouveau 0000:01:00.0: fifo:000002: rc scheduled
8426.458968000	+45.354398274	-10.781781893	kernel	CHANNEL_DISABLED	[ 8426.458968] Inspiron1564Linux kernel: nouveau 0000:01:00.0: fifo:000002:0005:0005:[av:h264:df0[23650]] errored - disabling channel
8426.459304000	+45.354734274	-10.781445893	kernel	CHANNEL_KILLED	[ 8426.459304] Inspiron1564Linux kernel: nouveau 0000:01:00.0: ffmpeg[23646]: channel 5 killed!
8437.107052000	+56.002482274	-0.133697893	kernel	CHANNEL_IDLE_FAILURE	[ 8437.107052] Inspiron1564Linux kernel: nouveau 0000:01:00.0: ffmpeg[23646]: failed to idle channel 4 [ffmpeg[23646]]
8437.108320209	+56.003750483	-0.132429684	mesa	CHANNEL_DESTROY	NOUVEAU_DIAG_VA_SURFACE mono_ns=8437108320209 phase=channel-destroy stage=object-end index=1 engine=vp channel_ptr=0x7d1ea8048490
8437.108339358	+56.003769632	-0.132410535	mesa	CHANNEL_DESTROY	NOUVEAU_DIAG_VA_SURFACE mono_ns=8437108339358 phase=channel-destroy stage=pushbuf-begin index=2 engine=ppp channel_ptr=0x7d1ea80467d0 pushbuf_ptr=0x7d1ea826c760
8437.108556370	+56.003986644	-0.132193523	mesa	CHANNEL_DESTROY	NOUVEAU_DIAG_VA_SURFACE mono_ns=8437108556370 phase=channel-destroy stage=pushbuf-end index=2 engine=ppp channel_ptr=0x7d1ea80467d0 pushbuf_ptr=0x7d1ea826c760
8437.108571165	+56.004001439	-0.132178728	mesa	CHANNEL_DESTROY	NOUVEAU_DIAG_VA_SURFACE mono_ns=8437108571165 phase=channel-destroy stage=object-begin index=2 engine=ppp channel_ptr=0x7d1ea80467d0
8437.112158734	+56.007589008	-0.128591159	mesa	CHANNEL_DESTROY	NOUVEAU_DIAG_VA_SURFACE mono_ns=8437112158734 phase=channel-destroy stage=object-end index=2 engine=ppp channel_ptr=0x7d1ea80467d0
8437.112182362	+56.007612636	-0.128567531	mesa	DECODER_DESTROY	NOUVEAU_DIAG_VA_SURFACE mono_ns=8437112182362 phase=decoder-destroy stage=exit decoder_ptr=0x7d1ea8243f80
8437.240749893	+56.136180167	+0.000000000	harness	FFMPEG_EXIT	realtime=2026-09-29T09:47:51,142625367-07:00 monotonic=8437.240749893 status=0
8437.363378006	+56.258808280	+0.122628113	harness	JOURNAL_TAIL_START	post-ffmpeg-tail-start realtime=2026-09-29T09:47:51,251996956-07:00 monotonic=8437.363378006
8452.428219108	+71.323649382	+15.187469215	harness	JOURNAL_STOP	logger-stop realtime=2026-09-29T09:48:06,317154615-07:00 monotonic=8452.428219108
